{"cameraMode":{"drawMode":0,"name":"Shaded","section":"Shading Mode"},"sceneLighting":true,"audioPlay":false,"sceneViewState":{"showFog":false,"showMaterialUpdate":false,"showSkybox":false,"showFlares":false,"showImageEffects":false,"showParticleSystems":false},"in2DMode":false,"pivot":{"x":-0.001878201961517334,"y":0.001211758702993393,"z":0.0015552341938018799},"rotation":{"x":0.04695237800478935,"y":0.31512919068336489,"z":-0.015611647628247738,"w":0.9477582573890686},"size":0.571576714515686,"orthographic":false}