{"cameraMode":{"drawMode":0,"name":"Shaded","section":"Shading Mode"},"sceneLighting":true,"audioPlay":false,"sceneViewState":{"showFog":true,"showMaterialUpdate":false,"showSkybox":true,"showFlares":true,"showImageEffects":true,"showParticleSystems":true},"in2DMode":false,"pivot":{"x":875.7802124023438,"y":214.43624877929688,"z":136.0606689453125},"rotation":{"x":-0.10086800903081894,"y":0.1359528750181198,"z":-0.0139155313372612,"w":-0.9854701161384583},"size":1772.49853515625,"orthographic":false}